{
"_id":"60ed66319d94745bb93b9d01",
"project_id":"1200",
"name":"booking",
"tags":[ "" ],
"created_by":"stuart",
"creation_date":"2021-07-13T10:08:49.124+0000",
"updated_by":"stuart",
"update_date":"2021-07-13T09:28:17.935+0000",
"version":1,
"model_version":1,
"type":"tree",
"dictionary":{
"name":"DB",
"class":"category",
"id":0,
"subtypes":[ {
"name":"Table",
"class":"category",
"id":1,
"subtypes":[ {
"name":"Column",
"class":"category",
"id":2,
"subtypes":[ {
"name":"idbooking",
"class":"item",
"item_subclass":"number",
"id":3,
"id_path":[ 0, 1, 2, 3 ],
"order_subtypes":"ascending",
"annotations":[ {
"name":"link.rdb.column",
"value":"idbooking"
}, {
"name":"link.rdb.pk_member",
"value":"{\"name\":\"PRIMARY\",\"index\":1}"
} ]
}, {
"name":"flightid",
"class":"item",
"item_subclass":"number",
"id":4,
"id_path":[ 0, 1, 2, 4 ],
"order_subtypes":"ascending",
"annotations":[ {
"name":"link.rdb.column",
"value":"flightid"
}, {
"name":"link.rdb.fk_member",
"value":"{\"name\":\"flightid\",\"index\":1,\"ref\":\"flight\",\"ref_col\":\"idflight\"}"
} ]
}, {
"name":"personid",
"class":"item",
"item_subclass":"number",
"id":5,
"id_path":[ 0, 1, 2, 5 ],
"order_subtypes":"ascending",
"annotations":[ {
"name":"link.rdb.column",
"value":"personid"
}, {
"name":"link.rdb.fk_member",
"value":"{\"name\":\"passengerid\",\"index\":1,\"ref\":\"passenger\",\"ref_col\":\"idpassenger\"}"
} ]
} ],
"has_children":true,
"id_path":[ 0, 1, 2 ],
"order_subtypes":"ascending"
}, {
"name":"RowSet",
"class":"group_sequence",
"id":6,
"id_path":[ 0, 1, 6 ],
"order_subtypes":"ascending"
}, {
"name":"Row",
"class":"group_sequence",
"id":7,
"id_path":[ 0, 1, 7 ],
"order_subtypes":"ascending"
}, {
"name":"SizedGroup",
"class":"category",
"id":8,
"subtypes":[ {
"name":"Sizeof",
"class":"item",
"item_subclass":"number",
"id":9,
"id_path":[ 0, 1, 8, 9 ],
"order_subtypes":"ascending"
} ],
"has_children":true,
"id_path":[ 0, 1, 8 ],
"order_subtypes":"ascending"
} ],
"has_children":true,
"id_path":[ 0, 1 ],
"order_subtypes":"ascending",
"annotations":[ {
"name":"link.rdb.table",
"value":"booking"
}, {
"name":"link.rdb.fk",
"value":"[{\"name\":\"flightid\",\"cols\":[\"flightid\"],\"ref\":\"flight\",\"ref_cols\":[\"idflight\"]},{\"name\":\"passengerid\",\"cols\":[\"personid\"],\"ref\":\"passenger\",\"ref_cols\":[\"idpassenger\"]}]"
}, {
"name":"link.rdb.read_only",
"value":"[\"idbooking\"]"
}, {
"name":"link.rdb.pk",
"value":"{\"name\":\"PRIMARY\",\"cols\":[\"idbooking\"]}"
} ]
} ],
"has_children":true,
"id_path":[ 0 ],
"order_subtypes":"ascending"
},
"properties":[ {
"class":"category",
"syntax":{ },
"order_subtypes":"ascending",
"id":0,
"doc_type":"general"
}, {
"class":"category",
"syntax":{ },
"order_subtypes":"ascending",
"id":1,
"doc_type":"general"
}, {
"class":"category",
"syntax":{ },
"order_subtypes":"ascending",
"id":2,
"doc_type":"general"
}, {
"class":"item",
"syntax":{ },
"order_subtypes":"ascending",
"id":3,
"doc_type":"general",
"item_props":{
"subclass_type":"number",
"interpret_as":"character",
"number_props":{
"presentation":"integer",
"size":{
"min":2,
"max":4
},
"sign":{
"has_sign":false
}
}
}
}, {
"class":"item",
"syntax":{ },
"order_subtypes":"ascending",
"id":4,
"doc_type":"general",
"item_props":{
"subclass_type":"number",
"interpret_as":"character",
"number_props":{
"presentation":"integer",
"size":{
"min":2,
"max":4
},
"sign":{
"has_sign":false
}
}
}
}, {
"class":"item",
"syntax":{ },
"order_subtypes":"ascending",
"id":5,
"doc_type":"general",
"item_props":{
"subclass_type":"number",
"interpret_as":"character",
"number_props":{
"presentation":"integer",
"size":{
"min":2,
"max":4
},
"sign":{
"has_sign":false
}
}
}
}, {
"class":"group",
"syntax":{ },
"order_subtypes":"ascending",
"id":6,
"doc_type":"general",
"group_props":{
"subclass_type":"sequence",
"format":{
"is_format_implicit":true
}
}
}, {
"class":"group",
"syntax":{
"terminator":{
"delimiter_type":"literal",
"value":"<LF>"
},
"release":{
"delimiter_type":"literal",
"value":"!"
}
},
"order_subtypes":"ascending",
"id":7,
"doc_type":"general",
"group_props":{
"subclass_type":"sequence",
"format":{
"is_format_implicit":false,
"component_syntax":"delimited",
"delimiter":{
"delimiter_type":"literal",
"value":"|"
}
}
}
}, {
"class":"category",
"syntax":{ },
"order_subtypes":"ascending",
"id":8,
"doc_type":"general"
}, {
"class":"item",
"syntax":{ },
"order_subtypes":"ascending",
"id":9,
"doc_type":"general",
"item_props":{
"subclass_type":"number",
"interpret_as":"character",
"number_props":{
"presentation":"integer",
"size":{ },
"sign":{
"has_sign":false
}
}
}
} ],
"structures":[ {
"components":[ {
"max_range":0,
"min_range":1,
"type_path":"7",
"type_id":7,
"relative_path":"Row",
"type_class":"group_sequence"
} ],
"id":6,
"type_name":"RowSet",
"type_class":"group_sequence"
}, {
"components":[ {
"max_range":1,
"min_range":1,
"type_path":"3",
"type_id":3,
"is_sized":false,
"relative_path":"idbooking Column",
"type_class":"item",
"item_subclass":"number"
}, {
"max_range":1,
"min_range":1,
"type_path":"4",
"type_id":4,
"is_sized":false,
"relative_path":"flightid Column",
"type_class":"item",
"item_subclass":"number"
}, {
"max_range":1,
"min_range":1,
"type_path":"5",
"type_id":5,
"is_sized":false,
"relative_path":"personid Column",
"type_class":"item",
"item_subclass":"number"
} ],
"id":7,
"type_name":"Row",
"type_class":"group_sequence"
} ],
"current_id":10,
"candidate_roots":[ 6 ],
"current_types":10
}