{
"_id":"60ed66319d94745bb93b9d00",
"project_id":"1200",
"name":"flight",
"tags":[ "" ],
"created_by":"stuart",
"creation_date":"2021-07-13T10:08:49.050+0000",
"updated_by":"stuart",
"update_date":"2021-07-13T10:59:44.260+0000",
"version":7,
"model_version":1,
"type":"tree",
"dictionary":{
"name":"DB",
"class":"category",
"id":0,
"subtypes":[ {
"name":"Table",
"class":"category",
"id":1,
"subtypes":[ {
"name":"Column",
"class":"category",
"id":2,
"subtypes":[ {
"name":"idflight",
"class":"item",
"item_subclass":"number",
"id":3,
"id_path":[ 0, 1, 2, 3 ],
"order_subtypes":"ascending",
"annotations":[ {
"name":"link.rdb.column",
"value":"idflight"
}, {
"name":"link.rdb.pk_member",
"value":"{\"name\":\"PRIMARY\",\"index\":1}"
} ]
}, {
"name":"code",
"class":"item",
"item_subclass":"text",
"id":4,
"id_path":[ 0, 1, 2, 4 ],
"order_subtypes":"ascending"
}, {
"name":"from",
"class":"item",
"item_subclass":"text",
"id":5,
"id_path":[ 0, 1, 2, 5 ],
"order_subtypes":"ascending"
}, {
"name":"to",
"class":"item",
"item_subclass":"text",
"id":6,
"id_path":[ 0, 1, 2, 6 ],
"order_subtypes":"ascending"
}, {
"name":"price",
"class":"item",
"item_subclass":"number",
"id":8,
"id_path":[ 0, 1, 2, 8 ],
"order_subtypes":"ascending"
}, {
"name":"date",
"class":"item",
"item_subclass":"datetime",
"id":15,
"id_path":[ 0, 1, 2, 15 ],
"order_subtypes":"ascending"
} ],
"has_children":true,
"id_path":[ 0, 1, 2 ],
"order_subtypes":"ascending"
}, {
"name":"RowSet",
"class":"group_sequence",
"id":9,
"id_path":[ 0, 1, 9 ],
"order_subtypes":"ascending"
}, {
"name":"Row",
"class":"group_sequence",
"id":10,
"id_path":[ 0, 1, 10 ],
"order_subtypes":"ascending"
}, {
"name":"SizedGroup",
"class":"category",
"id":11,
"subtypes":[ {
"name":"Sizeof",
"class":"item",
"item_subclass":"number",
"id":12,
"id_path":[ 0, 1, 11, 12 ],
"order_subtypes":"ascending"
} ],
"has_children":true,
"id_path":[ 0, 1, 11 ],
"order_subtypes":"ascending"
} ],
"has_children":true,
"id_path":[ 0, 1 ],
"order_subtypes":"ascending",
"annotations":[ {
"name":"link.rdb.table",
"value":"flight"
}, {
"name":"link.rdb.pk",
"value":"{\"name\":\"PRIMARY\",\"cols\":[\"idflight\"]}"
} ]
} ],
"has_children":true,
"id_path":[ 0 ],
"order_subtypes":"ascending"
},
"properties":[ {
"class":"category",
"syntax":{ },
"order_subtypes":"ascending",
"id":0,
"doc_type":"general"
}, {
"class":"category",
"syntax":{ },
"order_subtypes":"ascending",
"id":1,
"doc_type":"general"
}, {
"class":"category",
"syntax":{ },
"order_subtypes":"ascending",
"id":2,
"doc_type":"general"
}, {
"class":"item",
"syntax":{ },
"order_subtypes":"ascending",
"id":3,
"doc_type":"general",
"item_props":{
"subclass_type":"number",
"interpret_as":"character",
"number_props":{
"presentation":"integer",
"size":{
"min":2,
"max":4
},
"sign":{
"has_sign":false
}
}
}
}, {
"class":"item",
"syntax":{ },
"order_subtypes":"ascending",
"id":4,
"doc_type":"general",
"item_props":{
"subclass_type":"text",
"interpret_as":"character",
"text_props":{
"size":{
"min_chars":0,
"max_chars":45
},
"regular_expression":"VB[1-9]{3}"
}
}
}, {
"class":"item",
"syntax":{ },
"order_subtypes":"ascending",
"id":5,
"doc_type":"general",
"item_props":{
"subclass_type":"text",
"interpret_as":"character",
"text_props":{
"size":{
"min_chars":0,
"max_chars":45
},
"regular_expression":"[A-Z]{3}"
}
}
}, {
"class":"item",
"syntax":{ },
"order_subtypes":"ascending",
"id":6,
"doc_type":"general",
"item_props":{
"subclass_type":"text",
"interpret_as":"character",
"text_props":{
"size":{
"min_chars":0,
"max_chars":45
},
"regular_expression":"[A-Z]{3}"
}
}
}, {
"class":"item",
"syntax":{ },
"order_subtypes":"ascending",
"id":8,
"doc_type":"general",
"item_props":{
"subclass_type":"number",
"interpret_as":"character",
"number_props":{
"size":{
"min":3,
"max":4
}
},
"text_props":{
"size":{
"min_chars":3,
"max_chars":4
}
}
}
}, {
"class":"group",
"syntax":{ },
"order_subtypes":"ascending",
"id":9,
"doc_type":"general",
"group_props":{
"subclass_type":"sequence",
"format":{
"is_format_implicit":true
}
}
}, {
"class":"group",
"syntax":{
"terminator":{
"delimiter_type":"literal",
"value":"<LF>"
},
"release":{
"delimiter_type":"literal",
"value":"!"
}
},
"order_subtypes":"ascending",
"id":10,
"doc_type":"general",
"group_props":{
"subclass_type":"sequence",
"format":{
"is_format_implicit":false,
"component_syntax":"delimited",
"delimiter":{
"delimiter_type":"literal",
"value":"|"
}
}
}
}, {
"class":"category",
"syntax":{ },
"order_subtypes":"ascending",
"id":11,
"doc_type":"general"
}, {
"class":"item",
"syntax":{ },
"order_subtypes":"ascending",
"id":12,
"doc_type":"general",
"item_props":{
"subclass_type":"number",
"interpret_as":"character",
"number_props":{
"presentation":"integer",
"size":{ },
"sign":{
"has_sign":false
}
}
}
}, {
"class":"item",
"syntax":{ },
"order_subtypes":"ascending",
"id":15,
"doc_type":"general",
"item_props":{
"subclass_type":"datetime",
"date_props":{
"format":"{DD/MM/CCYY}"
}
}
} ],
"structures":[ {
"components":[ {
"max_range":0,
"min_range":1,
"type_path":"10",
"type_id":10,
"relative_path":"Row",
"type_class":"group_sequence"
} ],
"id":9,
"type_name":"RowSet",
"type_class":"group_sequence"
}, {
"components":[ {
"max_range":1,
"min_range":1,
"type_path":"3",
"type_id":3,
"is_sized":false,
"relative_path":"idflight Column",
"type_class":"item",
"item_subclass":"number"
}, {
"max_range":1,
"min_range":1,
"type_path":"4",
"type_id":4,
"is_sized":false,
"relative_path":"code Column",
"type_class":"item",
"item_subclass":"text"
}, {
"max_range":1,
"min_range":1,
"type_path":"5",
"type_id":5,
"is_sized":false,
"relative_path":"from Column",
"type_class":"item",
"item_subclass":"text"
}, {
"max_range":1,
"min_range":1,
"type_path":"6",
"type_id":6,
"is_sized":false,
"relative_path":"to Column",
"type_class":"item",
"item_subclass":"text"
}, {
"max_range":1,
"min_range":1,
"type_path":"15",
"type_id":15,
"is_ident":false,
"is_restart":false,
"is_sized":false,
"is_include_self":false,
"relative_path":"date Column",
"type_class":"item",
"item_subclass":"datetime",
"output_rule":"=ADDDAYS( CURRENTDATE(), 7 + MOD( RAND(), 8) )"
}, {
"max_range":1,
"min_range":1,
"type_path":"8",
"type_id":8,
"is_sized":false,
"relative_path":"price Column",
"type_class":"item",
"item_subclass":"number"
} ],
"id":10,
"type_name":"Row",
"type_class":"group_sequence"
} ],
"current_id":16,
"candidate_roots":[ 9 ],
"current_types":13
}