{
"_id":"60ed66309d94745bb93b9cff",
"project_id":"1200",
"name":"passenger",
"tags":[ "" ],
"created_by":"stuart",
"creation_date":"2021-07-13T10:08:48.794+0000",
"updated_by":"stuart",
"update_date":"2021-07-13T09:54:15.742+0000",
"version":1,
"model_version":1,
"type":"tree",
"dictionary":{
"name":"DB",
"class":"category",
"id":0,
"subtypes":[ {
"name":"Table",
"class":"category",
"id":1,
"subtypes":[ {
"name":"Column",
"class":"category",
"id":2,
"subtypes":[ {
"name":"idpassenger",
"class":"item",
"item_subclass":"number",
"id":3,
"id_path":[ 0, 1, 2, 3 ],
"order_subtypes":"ascending",
"annotations":[ {
"name":"link.rdb.column",
"value":"idpassenger"
}, {
"name":"link.rdb.pk_member",
"value":"{\"name\":\"PRIMARY\",\"index\":1}"
} ]
}, {
"name":"firstname",
"class":"item",
"item_subclass":"text",
"id":4,
"id_path":[ 0, 1, 2, 4 ],
"order_subtypes":"ascending"
}, {
"name":"lastname",
"class":"item",
"item_subclass":"text",
"id":5,
"id_path":[ 0, 1, 2, 5 ],
"order_subtypes":"ascending"
}, {
"name":"address1",
"class":"item",
"item_subclass":"number",
"id":7,
"id_path":[ 0, 1, 2, 7 ],
"order_subtypes":"ascending"
}, {
"name":"address2",
"class":"item",
"item_subclass":"text",
"id":8,
"id_path":[ 0, 1, 2, 8 ],
"order_subtypes":"ascending"
}, {
"name":"city",
"class":"item",
"item_subclass":"text",
"id":9,
"id_path":[ 0, 1, 2, 9 ],
"order_subtypes":"ascending"
}, {
"name":"postcode",
"class":"item",
"item_subclass":"text",
"id":10,
"id_path":[ 0, 1, 2, 10 ],
"order_subtypes":"ascending"
}, {
"name":"dob",
"class":"item",
"item_subclass":"datetime",
"id":15,
"id_path":[ 0, 1, 2, 15 ],
"order_subtypes":"ascending"
} ],
"has_children":true,
"id_path":[ 0, 1, 2 ],
"order_subtypes":"ascending"
}, {
"name":"RowSet",
"class":"group_sequence",
"id":11,
"id_path":[ 0, 1, 11 ],
"order_subtypes":"ascending"
}, {
"name":"Row",
"class":"group_sequence",
"id":12,
"id_path":[ 0, 1, 12 ],
"order_subtypes":"ascending"
}, {
"name":"SizedGroup",
"class":"category",
"id":13,
"subtypes":[ {
"name":"Sizeof",
"class":"item",
"item_subclass":"number",
"id":14,
"id_path":[ 0, 1, 13, 14 ],
"order_subtypes":"ascending"
} ],
"has_children":true,
"id_path":[ 0, 1, 13 ],
"order_subtypes":"ascending"
} ],
"has_children":true,
"id_path":[ 0, 1 ],
"order_subtypes":"ascending",
"annotations":[ {
"name":"link.rdb.table",
"value":"passenger"
}, {
"name":"link.rdb.read_only",
"value":"[\"idpassenger\"]"
}, {
"name":"link.rdb.pk",
"value":"{\"name\":\"PRIMARY\",\"cols\":[\"idpassenger\"]}"
} ]
} ],
"has_children":true,
"id_path":[ 0 ],
"order_subtypes":"ascending"
},
"properties":[ {
"class":"category",
"syntax":{ },
"order_subtypes":"ascending",
"id":0,
"doc_type":"general"
}, {
"class":"category",
"syntax":{ },
"order_subtypes":"ascending",
"id":1,
"doc_type":"general"
}, {
"class":"category",
"syntax":{ },
"order_subtypes":"ascending",
"id":2,
"doc_type":"general"
}, {
"class":"item",
"syntax":{ },
"order_subtypes":"ascending",
"id":3,
"doc_type":"general",
"item_props":{
"subclass_type":"number",
"interpret_as":"character",
"number_props":{
"presentation":"integer",
"size":{
"min":2,
"max":4
},
"sign":{
"has_sign":false
}
}
}
}, {
"class":"item",
"syntax":{ },
"order_subtypes":"ascending",
"id":4,
"doc_type":"general",
"item_props":{
"subclass_type":"text",
"restriction_props":{
"values_from_file":true,
"values_file":"USNames.csv",
"values_col_num":1
},
"interpret_as":"character",
"text_props":{
"size":{
"min_chars":0,
"max_chars":45
}
}
}
}, {
"class":"item",
"syntax":{ },
"order_subtypes":"ascending",
"id":5,
"doc_type":"general",
"item_props":{
"subclass_type":"text",
"restriction_props":{
"values_from_file":true,
"values_file":"USNames.csv",
"values_col_num":3
},
"interpret_as":"character",
"text_props":{
"size":{
"min_chars":0,
"max_chars":45
}
}
}
}, {
"class":"item",
"syntax":{ },
"order_subtypes":"ascending",
"id":7,
"doc_type":"general",
"item_props":{
"subclass_type":"number",
"interpret_as":"character",
"number_props":{
"size":{
"min":1,
"max":3
}
},
"text_props":{
"size":{
"min_chars":1,
"max_chars":3
}
}
}
}, {
"class":"item",
"syntax":{ },
"order_subtypes":"ascending",
"id":8,
"doc_type":"general",
"item_props":{
"subclass_type":"text",
"restriction_props":{
"values_from_file":true,
"values_file":"USAddresses.csv",
"values_col_num":2,
"has_headers":true
},
"interpret_as":"character",
"text_props":{
"size":{
"min_chars":0,
"max_chars":45
}
}
}
}, {
"class":"item",
"syntax":{ },
"order_subtypes":"ascending",
"id":9,
"doc_type":"general",
"item_props":{
"subclass_type":"text",
"restriction_props":{
"values_from_file":true,
"values_file":"USAddresses.csv",
"values_col_num":4,
"has_headers":true
},
"interpret_as":"character",
"text_props":{
"size":{
"min_chars":0,
"max_chars":45
}
}
}
}, {
"class":"item",
"syntax":{ },
"order_subtypes":"ascending",
"id":10,
"doc_type":"general",
"item_props":{
"subclass_type":"text",
"interpret_as":"character",
"text_props":{
"size":{
"min_chars":0,
"max_chars":45
},
"regular_expression":"[A-Z]{2}[0-9]{2} [0-9]{1}[A-Z]{2}"
}
}
}, {
"class":"group",
"syntax":{ },
"order_subtypes":"ascending",
"id":11,
"doc_type":"general",
"group_props":{
"subclass_type":"sequence",
"format":{
"is_format_implicit":true
}
}
}, {
"class":"group",
"syntax":{
"terminator":{
"delimiter_type":"literal",
"value":"<LF>"
},
"release":{
"delimiter_type":"literal",
"value":"!"
}
},
"order_subtypes":"ascending",
"id":12,
"doc_type":"general",
"group_props":{
"subclass_type":"sequence",
"format":{
"is_format_implicit":false,
"component_syntax":"delimited",
"delimiter":{
"delimiter_type":"literal",
"value":"|"
}
}
}
}, {
"class":"category",
"syntax":{ },
"order_subtypes":"ascending",
"id":13,
"doc_type":"general"
}, {
"class":"item",
"syntax":{ },
"order_subtypes":"ascending",
"id":14,
"doc_type":"general",
"item_props":{
"subclass_type":"number",
"interpret_as":"character",
"number_props":{
"presentation":"integer",
"size":{ },
"sign":{
"has_sign":false
}
}
}
}, {
"class":"item",
"syntax":{ },
"order_subtypes":"ascending",
"id":15,
"doc_type":"general",
"item_props":{
"subclass_type":"datetime",
"restriction_props":{
"type_of_restriction":"range"
},
"date_props":{
"format":"{DD/MM/CCYY}"
}
},
"restrictions":[ {
"max_value":"31/12/2020",
"min_value":"01/01/1900"
} ]
} ],
"structures":[ {
"components":[ {
"max_range":0,
"min_range":1,
"type_path":"12",
"type_id":12,
"relative_path":"Row",
"type_class":"group_sequence"
} ],
"id":11,
"type_name":"RowSet",
"type_class":"group_sequence"
}, {
"components":[ {
"max_range":1,
"min_range":1,
"type_path":"3",
"type_id":3,
"is_sized":false,
"relative_path":"idpassenger Column",
"type_class":"item",
"item_subclass":"number"
}, {
"max_range":1,
"min_range":1,
"type_path":"4",
"type_id":4,
"is_sized":false,
"relative_path":"firstname Column",
"type_class":"item",
"item_subclass":"text"
}, {
"max_range":1,
"min_range":1,
"type_path":"5",
"type_id":5,
"is_sized":false,
"relative_path":"lastname Column",
"type_class":"item",
"item_subclass":"text"
}, {
"max_range":1,
"min_range":1,
"type_path":"15",
"type_id":15,
"is_ident":false,
"is_restart":false,
"is_sized":false,
"is_include_self":false,
"relative_path":"dob Column",
"type_class":"item"
}, {
"max_range":1,
"min_range":1,
"type_path":"7",
"type_id":7,
"is_sized":false,
"relative_path":"address1 Column",
"type_class":"item",
"item_subclass":"number"
}, {
"max_range":1,
"min_range":1,
"type_path":"8",
"type_id":8,
"is_sized":false,
"relative_path":"address2 Column",
"type_class":"item",
"item_subclass":"text"
}, {
"max_range":1,
"min_range":1,
"type_path":"9",
"type_id":9,
"is_sized":false,
"relative_path":"city Column",
"type_class":"item",
"item_subclass":"text"
}, {
"max_range":1,
"min_range":1,
"type_path":"10",
"type_id":10,
"is_sized":false,
"relative_path":"postcode Column",
"type_class":"item",
"item_subclass":"text"
} ],
"id":12,
"type_name":"Row",
"type_class":"group_sequence"
} ],
"current_id":16,
"candidate_roots":[ 11 ],
"current_types":15
}