{
"_id":"60ed66319d94745bb93b9d07",
"project_id":"1200",
"name":"Flight Action",
"tags":[ "" ],
"created_by":"stuart",
"creation_date":"2021-07-13T10:08:49.484+0000",
"version":1,
"connection_id":"60ed66319d94745bb93b9d02",
"properties":[ {
"name":"target",
"value":"table"
}, {
"name":"catalog",
"value":"vacationbooking"
}, {
"name":"table",
"value":"flight"
}, {
"name":"logging",
"value":"off"
}, {
"name":"target_transaction_scope",
"value":"map"
}, {
"name":"target_failure_action",
"value":"rollback"
}, {
"name":"backup_enabled",
"value":"false"
} ],
"schema_id":"60ed66319d94745bb93b9d00",
"schema_name":"schema",
"root_type_id":9,
"direction":"target"
}