{
"_id":"60ed66319d94745bb93b9d04",
"project_id":"1200",
"name":"Passenger Action",
"tags":[ "" ],
"created_by":"stuart",
"creation_date":"2021-07-13T10:08:49.297+0000",
"version":1,
"connection_id":"60ed66319d94745bb93b9d02",
"properties":[ {
"name":"target",
"value":"table"
}, {
"name":"catalog",
"value":"vacationbooking"
}, {
"name":"table",
"value":"passenger"
}, {
"name":"logging",
"value":"off"
}, {
"name":"target_transaction_scope",
"value":"map"
}, {
"name":"target_failure_action",
"value":"rollback"
}, {
"name":"backup_enabled",
"value":"false"
} ],
"schema_id":"60ed66309d94745bb93b9cff",
"schema_name":"schema",
"root_type_id":11,
"direction":"target"
}